x,pressure
0.0,493338.6201365543
50.0,489883.2641233064
100.0,486427.90811005846
150.0,482972.55209681054
200.0,479517.1862456613
250.0,476061.83023241337
300.0,472509.8792533039
350.0,469054.523240056
400.0,465599.1672268081
450.0,462143.81121356017
500.0,458688.45520031225
550.0,455233.09918706433
600.0,451681.1383700535
650.0,446025.18154368177
700.0,437996.77544248704
750.0,429968.3693412921
800.0,421939.9632400974
850.0,413814.9523351397
900.0,405786.54623394494
950.0,397758.14013275004
1000.0,389729.7241936539
1050.0,381701.318092459
1100.0,787790.6808447038
1150.0,779762.2649056076
1200.0,771733.8588044128
1250.0,763705.4527032179
1300.0,759256.6260547381
1350.0,754947.5664714837
1400.0,750541.9217602693
1450.0,746232.862177015
1500.0,741923.8124316622
1550.0,737614.7626863094
1600.0,733305.7031030551
1650.0,728996.6533577021
1700.0,724590.9988085864
1750.0,720281.9490632336
1800.0,715972.8894799793
1850.0,711663.8397346265
1900.0,706800.1094323966
1950.0,701144.1559940348
2000.0,695584.7876836329
2050.0,690025.4292111325
2100.0,684466.0609007308
2150.0,678906.7024282303
2200.0,673347.3341178284
2250.0,667691.3806794666
2300.0,662132.0123690647
2350.0,656572.6538965643
2400.0,651013.2855861626
2450.0,645453.9271136621
2500.0,639797.9638373988
2550.0,634588.8936822364
2600.0,629408.2845758317
2650.0,624227.6853073282
2700.0,619047.0762009233
2750.0,613866.4670945186
2800.0,608589.2728601537
2850.0,603408.6637537488
2900.0,598228.0644852454
2950.0,593047.4553788404
3000.0,587866.8462724355
3050.0,582686.2470039321
3100.0,577505.6378975272
3150.0,572063.8325088855
3200.0,566239.9623813755
3250.0,560416.0824159641
3300.0,554592.2024505528
3350.0,548671.7373571814
3400.0,542847.8573917701
3450.0,537023.9872642601
3500.0,531200.1072988488
3550.0,525279.6422054773
3600.0,519455.76224006596
3650.0,513631.8822746547
3700.0,507808.01214714465
3750.0,501984.1321817334
3800.0,485396.5846160233
3850.0,467344.767193572
3900.0,449389.5348990809
3950.0,431434.31244249124
4000.0,413479.08998590155
4050.0,395523.85769141035
4100.0,377472.04026895924
4150.0,777863.8546514076
4200.0,759908.6321948178
4250.0,741953.4097382281
4300.0,723998.177443737
4350.0,706042.9549871474
4400.0,683563.0292781126
4450.0,653590.2986874729
4500.0,623617.5582589322
4550.0,593644.8276682926
4600.0,563672.0970776532
4650.0,533699.3664870135
4700.0,503630.0409305127
4750.0,473657.3005019717
4800.0,443684.56991133234
4850.0,413711.8393206927
4900.0,383739.1087300533
4950.0,765749.7613893976
5000.0,735777.0209608565
5050.0,725547.2565281298
5100.0,718810.2422303394
5150.0,712073.2279325491
5200.0,705336.2136347587
5250.0,698502.604371107
5300.0,691765.5999112179
5350.0,685028.5856134276
5400.0,678291.5713156372
5450.0,671554.5570178468
5500.0,664817.5427200565
5550.0,657983.943294306
5600.0,651246.9289965157
5650.0,640025.7008604433
5700.0,619736.7904605564
5750.0,599447.8800606695
5800.0,579062.3746949212
5850.0,558773.4642950345
5900.0,538484.5538951476
5950.0,518195.65333316213
6000.0,497906.74293327524
6050.0,477617.83253338834
6100.0,457232.3271676403
6150.0,436943.4167677534
6200.0,416654.50636786653
6250.0,396365.59596797964
6300.0,762677.5289619023
6350.0,726562.2193314591
6400.0,690350.314735155
6450.0,654235.0051047122
6500.0,618119.6856363678
6550.0,582004.376005925
6600.0,545889.0663754822
6650.0,509773.7567450392
6700.0,473658.4471145964
6750.0,437543.1374841533
6800.0,401427.8278537105
6850.0,759703.7773154558
6900.0,741126.6125701001
6950.0,764564.8572578178
7000.0,788099.6969113968
7050.0,811634.5463470744
7100.0,835169.3860006535
7150.0,858704.2256542325
7200.0,882239.0653078114
7250.0,905677.309995529
7300.0,929212.1496491081
7350.0,952746.9990847857
7400.0,976281.8387383647
7450.0,999816.6783919438
7500.0,1023351.5180455226
7550.0,1010991.4086415974
7600.0,988264.6072467582
7650.0,965537.8058519188
7700.0,942811.0044570793
7750.0,920084.2030622399
7800.0,897357.391829499
7850.0,874630.5904346596
7900.0,851903.7890398202
7950.0,829176.9876449808
8000.0,806450.1862501414
8050.0,783626.7800515391
8100.0,760899.9786566996
8150.0,741875.858374825
8200.0,733627.7817732134
8250.0,725379.7051716018
8300.0,717131.6285699899
8350.0,708786.9668404183
8400.0,700538.8902388067
8450.0,692290.8136371952
8500.0,684042.7370355832
8550.0,675794.6604339717
8600.0,667546.5838323601
8650.0,659201.9221027885
8700.0,650953.8455011765
8750.0,642705.768899565
8800.0,635995.6711000119
8850.0,629834.567550325
8900.0,623673.4640006382
8950.0,617415.7753229912
9000.0,611254.6717733042
9050.0,605093.5682236173
9100.0,598932.4646739303
9150.0,592771.3611242436
9200.0,586610.2575745566
9250.0,580352.5590590083
9300.0,574191.4555093213
9350.0,568030.361797536
9400.0,563694.818583706
9450.0,565880.4432544518
9500.0,568066.0777072962
9550.0,570155.1171942791
9600.0,572340.7516471235
9650.0,574526.3860999679
9700.0,576712.0205528123
9750.0,578897.6452235581
9800.0,581083.2796764025
9850.0,583172.3191633853
9900.0,585357.9536162297
9950.0,587543.5880690741
10000.0,589729.2127398199
10050.0,585189.2084211415
10100.0,577748.7743351695
10150.0,570211.7354454349
10200.0,562771.3013594629
10250.0,555330.8672734909
10300.0,547890.4331875192
10350.0,540449.9892636458
10400.0,533009.5551776738
10450.0,525472.5261258407
10500.0,518032.09203986876
10550.0,510591.6579538971
10600.0,503151.2140300237
10650.0,495442.17572205886
10700.0,486514.19191661756
10750.0,477489.60330741375
10800.0,468561.61950197245
10850.0,459633.63569653145
10900.0,450705.65189109015
10950.0,441777.66808564914
11000.0,432849.68428020785
11050.0,423825.1055089054
11100.0,414897.12170346413
11150.0,405969.1378980231
11200.0,397041.1540925818
11250.0,388113.1702871405
11300.0,387382.0698768643
11350.0,390964.81299769663
11400.0,394547.5659006275
11450.0,398130.3090214601
11500.0,401713.061924391
11550.0,405295.80504522333
11600.0,408781.9532001942
11650.0,412364.7061031254
11700.0,415947.4492239577
11750.0,419530.2021268886
11800.0,423112.9452477212
11850.0,426695.6981506521
11900.0,428725.56572321896
11950.0,422095.43038626557
12000.0,415465.2950493122
12050.0,408835.1597123588
12100.0,402205.0243754054
12150.0,395574.889038452
12200.0,388848.15873563715
12250.0,382218.02339868376
12300.0,789188.9516089451
12350.0,782558.8162719917
12400.0,775928.6809350383
12450.0,769298.5455980848
12500.0,762571.81529527
12550.0,756344.7092650735
12600.0,750360.2452350688
12650.0,744375.7812050642
12700.0,738391.3270129614
12750.0,732406.8629829567
12800.0,726325.8039870906
12850.0,720341.3497949872
12900.0,714356.8857649826
12950.0,708372.4217349779
13000.0,702387.9675428745
13050.0,696403.5035128698
13100.0,690322.4445170037
13150.0,684222.1490358863
13200.0,677138.7815813184
13250.0,670055.414126751
13300.0,662972.0565100851
13350.0,655888.6890555178
13400.0,648708.7266350884
13450.0,641625.3690184226
13500.0,634542.0015638552
13550.0,627458.6341092879
13600.0,620375.276492622
13650.0,613291.9090380541
13700.0,606111.9466176253
13750.0,599028.5890009594
13800.0,601851.8891150778
13850.0,611634.1350430497
13900.0,621416.3907531202
13950.0,631198.6464631911
14000.0,640884.3072074001
14050.0,650666.5629174706
14100.0,660448.8186275411
14150.0,670231.074337612
14200.0,680013.3300476825
14250.0,689795.585757753
14300.0,699481.2465019625
14350.0,709263.502212033
14400.0,718359.9643357298
14450.0,718032.4798378956
14500.0,717704.995340061
14550.0,717377.5108422264
14600.0,716953.4313785305
14650.0,716625.9468806959
14700.0,716298.4526007631
14750.0,715970.9681029285
14800.0,715643.4836050939
14850.0,715315.9991072593
14900.0,714891.9196435633
14950.0,714564.4351457291
15000.0,714236.9506478945
15050.0,711220.6601742409
15100.0,705990.0351771057
15150.0,700759.4101799704
15200.0,695432.1902169738
15250.0,690201.5652198385
15300.0,684970.9402227033
15350.0,679740.3053876667
15400.0,674509.6803905314
15450.0,669279.0553933962
15500.0,663951.8354303995
15550.0,658721.2104332643
15600.0,653490.5854361292
15650.0,648470.8948829655
15700.0,650193.4154419089
15750.0,651915.9457829514
15800.0,653541.8811581326
15850.0,655264.4017170762
15900.0,656986.9320581187
15950.0,658709.462399161
16000.0,660431.9829581049
16050.0,662154.5132991471
16100.0,663780.4388922297
16150.0,665502.9692332719
16200.0,667225.4995743145
16250.0,668948.0201332581
16300.0,669243.5281488014
16350.0,668175.9887636731
16400.0,667011.8544126832
16450.0,665944.3052454563
16500.0,664876.765860328
16550.0,663809.2264751995
16600.0,662741.6870900712
16650.0,661674.1379228443
16700.0,660510.0035718543
16750.0,659442.464186726
16800.0,658374.9248015977
16850.0,657307.3756343706
16900.0,656239.8362492423
16950.0,652978.4443000463
17000.0,649604.2346855763
17050.0,646326.6298748691
17100.0,643049.025064162
17150.0,639771.4202534548
17200.0,636493.8154427477
17250.0,633216.2106320405
17300.0,629842.0010175705
17350.0,626564.3962068633
17400.0,623286.7913961562
17450.0,620009.186585449
17500.0,616731.5817747419
17550.0,612903.998924028
17600.0,608369.2317569058
17650.0,603931.0693935463
17700.0,599492.8971922852
17750.0,595054.7249910244
17800.0,590616.5626276647
17850.0,586178.3904264035
17900.0,581643.633097183
17950.0,577205.4608959218
18000.0,572767.2886946606
18050.0,568329.1263313015
18100.0,563890.9541300404
18150.0,559452.7819287792
18200.0,558788.9530105576
18250.0,558402.9422168144
18300.0,558016.9412051698
18350.0,557630.9401935252
18400.0,557244.929399782
18450.0,556858.9283881368
18500.0,556376.3324106308
18550.0,555990.3216168876
18600.0,555604.320605243
18650.0,555218.3195935984
18700.0,554832.3087998552
18750.0,554446.3077882106
18800.0,552094.4627253918
18850.0,547415.3406429802
18900.0,542736.2283984699
18950.0,538057.1063160588
19000.0,533377.9940715485
19050.0,528698.8719891374
19100.0,523923.15494086425
19150.0,519244.0426963545
19200.0,514564.92061394284
19250.0,509885.8083694331
19300.0,505206.68628702144
19350.0,500527.5642046098
19400.0,495751.8569942386
19450.0,487882.3133248915
19500.0,479725.9653159572
19550.0,471569.607469121
19600.0,463413.2496222853
19650.0,455256.90161335043
19700.0,447003.94880065334
19750.0,438847.5909538171
19800.0,430691.24294488283
19850.0,422534.8850980466
19900.0,414378.5272512104
19950.0,406222.1792422761
20000.0,397969.22642957844
20050.0,392912.97823480295
20100.0,392524.7958151711
20150.0,392136.6231776378
20200.0,391748.45054010453
20250.0,391360.27790257125
20300.0,390875.5102991765
20350.0,390487.32787954464
20400.0,390099.15524201136
20450.0,389710.9826044781
20500.0,389322.8099669448
20550.0,388934.63732941204
20600.0,388449.8599439187
20650.0,388061.68730638543
20700.0,386129.51389148657
20750.0,383985.7272174197
20800.0,381841.94054335286
20850.0,379698.153869286
20900.0,377457.77222935774
20950.0,793675.3101097331
21000.0,791531.5234356658
21050.0,789387.736761599
21100.0,787243.9500875322
21150.0,785100.1634134654
21200.0,782859.781773537
21250.0,780715.9950994703
21300.0,779192.2381999526
21350.0,778759.7135273786
21400.0,778327.1790727054
21450.0,777894.6544001314
21500.0,777365.5347616954
21550.0,776933.0003070228
21600.0,776500.4756344488
21650.0,776067.9411797756
21700.0,775635.4165072016
21750.0,775202.8918346276
21800.0,774673.762414093
21850.0,774241.237741519
21900.0,773808.7032868464
21950.0,771483.0138158465
22000.0,768801.7825881604
22050.0,766120.561198375
22100.0,763342.7350048273
22150.0,760661.5037771405
22200.0,757980.2823873557
22250.0,755299.051159669
22300.0,752617.8199319828
22350.0,749936.5985421974
22400.0,747158.7723486497
22450.0,744477.5411209629
22500.0,741796.3197311781
22550.0,737845.7040855243
22600.0,731241.3538881473
22650.0,724637.013528671
22700.0,717936.0782033339
22750.0,711331.7378438576
22800.0,704727.3974843813
22850.0,698123.0472870043
22900.0,691518.706927528
22950.0,684914.3665680523
23000.0,678213.4312427146
23050.0,671609.0810453376
23100.0,665004.7406858613
23150.0,658400.4003263856
23200.0,648119.6854022951
23250.0,636947.154878165
23300.0,625678.0293881735
23350.0,614505.4988640434
23400.0,603332.9585020124
23450.0,592160.4279778823
23500.0,580987.8974537522
23550.0,569815.3669296221
23600.0,558546.2414396306
23650.0,547373.7109155005
23700.0,536201.1705534691
23750.0,525028.640029339
23800.0,517866.9628796074
23850.0,520693.8334597138
23900.0,523424.0992918602
23950.0,526250.9698719666
24000.0,529077.8404520736
24050.0,531904.71103218
24100.0,534731.5816122864
24150.0,537558.4521923928
24200.0,540288.7278066378
24250.0,543115.5983867442
24300.0,545942.4689668505
24350.0,548769.3395469569
24400.0,551596.2101270633
24450.0,555684.6583990895
24500.0,560059.3536980642
24550.0,564530.6341808018
24600.0,569001.9146635389
24650.0,573473.1951462765
24700.0,577944.4756290136
24750.0,582415.7561117512
24800.0,586790.451410726
24850.0,591261.7318934631
24900.0,595733.0123762006
24950.0,600204.2928589378
25000.0,604675.5733416753
25050.0,608381.4437375541
25100.0,609674.8366709138
25150.0,611064.824570135
25200.0,612454.8222514547
25250.0,613844.8101506758
25300.0,615234.7980498964
25350.0,616624.7957312161
25400.0,617918.1886645758
25450.0,619308.1765637969
25500.0,620698.1742451167
25550.0,622088.1621443378
25600.0,623478.1500435589
25650.0,624868.1477248786
25700.0,623349.8916225611
25750.0,620881.286957887
25800.0,618412.6822932134
25850.0,615944.0874664407
25900.0,613475.4828017672
25950.0,611006.8879749945
26000.0,608441.6883444595
26050.0,605973.0836797854
26100.0,603504.4888530133
26150.0,601035.8841883391
26200.0,598567.279523665
26250.0,596098.6846968929
26300.0,592761.8197561465
26350.0,586633.0140367644
26400.0,580504.2181552831
26450.0,574375.4222738025
26500.0,568246.6263923212
26550.0,562117.8206729391
26600.0,555892.4298255964
26650.0,549763.6339441157
26700.0,543634.8380626345
26750.0,537506.0421811538
26800.0,531377.2364617711
26850.0,525248.4405802898
26900.0,519023.04973294766
26950.0,513704.0016780064
27000.0,508745.29627563665
27050.0,503786.5908732669
27100.0,498827.8854708978
27150.0,493869.18990642944
27200.0,488813.8895381983
27250.0,483855.1841358286
27300.0,478896.47873345885
27350.0,473937.7733310897
27400.0,468979.07776662137
27450.0,464020.37236425164
27500.0,458965.0719960205
27550.0,454715.3644719275
27600.0,453844.9735019331
27650.0,452974.5825319381
27700.0,452104.1915619437
27750.0,451233.8005919487
27800.0,450266.80487399426
27850.0,449396.41390399926
27900.0,448526.02293400484
27950.0,447655.63196400984
28000.0,446785.2409940154
28050.0,445914.84024192183
28100.0,444947.85430606594
28150.0,444077.46333607094
28161.83,443695.24789222644
29757.33,414930.1909554418
29800.0,412526.7988873718
29850.0,409705.13161716465
29900.0,406786.8693810955
29950.0,403965.2021108884
30000.0,401143.5250027793
30050.0,398011.9244867868
30100.0,392030.5200441184
30150.0,385952.5304734899
30200.0,379971.12603082147
30250.0,789837.6825032302
30300.0,783856.2780605617
30350.0,777874.8736178933
30400.0,771893.4691752243
30450.0,765815.4697666945
30500.0,759834.065324026
30550.0,753852.670719259
30600.0,747871.2662765905
30650.0,741889.8618339221
30700.0,733624.2147404056
30750.0,723603.0959086337
30800.0,713678.581880624
30850.0,703754.0580147136
30900.0,693829.543986704
30950.0,683905.0201207935
31000.0,673883.9111269229
31050.0,663959.3872610119
31100.0,654034.8732330028
31150.0,644110.3493670918
31200.0,634185.8353390828
31250.0,624261.3114731723
31300.0,614883.6504205329
31350.0,615580.0973112913
31400.0,616276.5539841482
31450.0,616973.0008749065
31500.0,617669.4477656643
31550.0,618365.8946564227
31600.0,618965.7465813196
31650.0,619662.193472078
31700.0,620358.6403628363
31750.0,621055.0872535941
31800.0,621751.5341443524
31850.0,622351.3860692494
31900.0,623047.8329600077
31950.0,622876.4120631973
32000.0,621970.7957561533
32050.0,621065.1892312074
32100.0,620159.5729241633
32150.0,619157.3616512574
32200.0,618251.7453442133
32250.0,617346.1388192679
32300.0,616440.5225122233
32350.0,615534.9062051793
32400.0,614629.2898981348
32450.0,613627.0786252293
32500.0,612721.4721002838
32550.0,611548.775155232
32600.0,598932.6998446063
32650.0,586316.634371882
32700.0,573603.9640953948
32750.0,560987.8887847691
32800.0,548371.8134741428
32850.0,535755.7480014184
32900.0,523139.6726907927
32950.0,510523.597380167
33000.0,497810.9271036798
33050.0,485194.8616309549
33100.0,472578.7863203292
33150.0,459962.71100970346
33200.0,455061.80327807355
33250.0,457725.07804123557
33300.0,460291.7676206353
33350.0,462955.0521658959
33400.0,465618.3367111565
33450.0,468281.6212564176
33500.0,470944.9058016782
33550.0,473511.5953810774
33600.0,476174.8799263385
33650.0,478838.1644715991
33700.0,481501.4490168597
33750.0,484164.7335621203
33800.0,486828.0181073814
33850.0,478870.96969306876
33900.0,470853.6902583606
33950.0,462836.4108236518
34000.0,454819.13138894306
34050.0,446801.8519542349
34100.0,438687.9677157633
34150.0,430670.68828105455
34200.0,422653.40884634637
34250.0,414636.1294116376
34300.0,406522.24517316604
34350.0,398504.96573845786
34400.0,390487.6863037491
34450.0,386870.2213511907
34500.0,388266.24480524624
34550.0,389662.2682593018
34600.0,390961.6967474959
34650.0,392357.72020155203
34700.0,393753.74365560757
34750.0,395149.7671096631
34800.0,396545.79056371865
34850.0,397941.8237998733
34900.0,399241.2522880674
34950.0,400637.27574212296
35000.0,402033.2991961791
35050.0,403429.3226502346
35100.0,406238.56588866835
35150.0,409125.703978234
35200.0,411916.2373198391
35250.0,414803.3656273062
35300.0,417690.4939347733
35350.0,420577.6222422398
35400.0,423464.7505497069
35450.0,426351.878857174
35500.0,429142.4121987791
35550.0,432029.5405062462
35600.0,434916.6688137133
35650.0,437803.7971211798
35700.0,438204.0714127021
35750.0,435286.52395542595
35800.0,432272.3815322878
35850.0,429354.82423711027
35900.0,426437.2767798341
35950.0,423519.7293225574
36000.0,420602.18186528125
36050.0,417684.6344080045
36100.0,414670.4919848669
36150.0,411752.9445275902
36200.0,408835.38723241264
36250.0,405917.8397751359
36300.0,403000.29231785977
36350.0,404482.79930561583
36400.0,406302.12677006907
36450.0,408218.0394182852
36500.0,410133.9618485993
36550.0,412049.88427891396
36600.0,413965.8067092286
36650.0,415785.12439158326
36700.0,417701.0468218979
36750.0,419616.96925221256
36800.0,421532.8916825272
36850.0,423448.80433074274
36900.0,425364.7267610574
36950.0,423078.7759618331
37000.0,414474.93133180204
37050.0,405871.0965396724
37100.0,397267.2519096414
37150.0,388663.41711751174
37200.0,380059.5724874807
37250.0,787118.6571879081
37300.0,778514.812557877
37350.0,769910.9777657473
37400.0,761307.1331357163
37450.0,752703.2983435866
37500.0,744099.4537135556
37550.0,735399.0239555651
37600.0,722428.597274322
37650.0,708820.7139338012
37700.0,695212.8305932804
37750.0,681604.9472527596
37800.0,667997.0639122388
37850.0,654292.5856058566
37900.0,640684.7022653358
37950.0,627076.8287627164
38000.0,613468.9454221956
38050.0,599861.0620816748
38100.0,586253.178741154
38150.0,572548.7004347718
38200.0,567198.4170428775
38250.0,576864.6961919765
38300.0,586530.975341075
38350.0,596197.254490174
38400.0,605863.533639273
38450.0,615433.21782251
38500.0,625099.4969716091
38550.0,634765.7761207081
38600.0,644432.0552698065
38650.0,654098.3344189055
38700.0,663668.0186021432
38750.0,673334.2977512416
38798.44,682665.5652188433
40268.8,613507.6290962301
40300.0,606689.2153047106
40350.0,595860.1849459504
40400.0,584934.5596213293
40450.0,574105.5194246683
40500.0,563276.4890659086
40550.0,552447.4587071489
40600.0,541618.4185104879
40650.0,530789.3881517282
40700.0,522222.41936416394
40750.0,519857.64391089213
40800.0,517492.858619719
40850.0,515128.07332854584
40900.0,512763.29787527403
40950.0,510301.9176182394
41000.0,507937.1323270668
41050.0,505572.356873795
41100.0,503207.57158262184
41150.0,500842.7862914487
41200.0,498478.0108381769
41250.0,496016.63058114285
41300.0,493651.8452899697
41350.0,490695.68406968826
41400.0,487552.6223985617
41450.0,484409.570565337
41500.0,481266.51873211184
41550.0,478026.8719330258
41600.0,474883.8102618992
41650.0,471740.75842867454
41700.0,468597.70659544936
41750.0,465454.6547622242
41800.0,462214.9981252367
41850.0,459071.94629201153
41900.0,455928.8944587869
41950.0,454316.52170477976
42000.0,457495.47935970547
42050.0,460674.43701463065
42100.0,463756.79970369494
42150.0,466935.7671407192
42200.0,470114.7247956449
42250.0,473293.6824505701
42300.0,476472.6401054958
42350.0,479555.0027945601
42400.0,482733.9604494858
42450.0,485912.9278865095
42500.0,489091.8855414352
42550.0,492270.8431963609
42600.0,489192.7608639983
42650.0,483601.91465711815
42700.0,478107.66341609944
42750.0,472613.41217508074
42800.0,467119.16093406256
42850.0,461624.90969304385
42900.0,456130.65845202515
42950.0,450539.81224514556
43000.0,445045.56100412685
43050.0,439551.30976310815
43100.0,434057.05852208997
43150.0,428562.80728107126
43200.0,427167.96213466
43250.0,442205.91443288943
43300.0,457243.8667311189
43350.0,472281.81902934774
43400.0,487319.7713275772
43450.0,502357.7236258066
43500.0,517299.08095817466
43550.0,532337.0332564041
43600.0,547374.9855546335
43650.0,562412.937852863
43700.0,577450.8901510924
43750.0,592488.8424493219
43800.0,607430.1997816899
43850.0,618731.380633583
43900.0,628311.9099063766
43950.0,637892.4391791698
44000.0,647472.968451963
44050.0,656956.9027588947
44100.0,666537.4320316884
44150.0,676117.951522383
44200.0,685698.4807951762
44250.0,695182.4151021085
44300.0,704666.3494090402
44350.0,714246.8786818334
44398.31,723531.7868079295
44398.31,723338.5968762067
44400.0,723441.0280911814
44450.0,729384.2013856842
44500.0,716884.8266495051
44550.0,704482.0567170887
44600.0,692079.276946771
44650.0,679676.5070143546
44700.0,667273.7272440363
44750.0,654870.9573116199
44800.0,642371.5825754408
44850.0,629968.8126430244
44900.0,617566.042710608
44950.0,605163.2629402897
45000.0,592760.4930078733
45050.0,580357.7132375556
45100.0,572369.3999725858
45150.0,566937.4521611497
45200.0,561505.5141876149
45250.0,556073.5663761782
45300.0,550641.618564742
45350.0,545209.6707533053
45400.0,539681.1279760078
45450.0,534249.1900024724
45500.0,528817.2421910362
45550.0,523385.2943796001
45600.0,517953.34656816337
45650.0,512521.40859462856
45700.0,506935.1566877035
45750.0,501053.53807896056
45800.0,495171.9293081195
45850.0,489290.31069937657
45900.0,483408.70192853553
45950.0,477527.0833197926
46000.0,471548.87958308955
46050.0,465667.2708122485
46100.0,459785.65220350557
46150.0,453904.04343266453
46200.0,448022.4248239216
46250.0,442140.81605308055
46300.0,436162.6024784761
46350.0,430153.92737312
46400.0,424063.86330946046
46450.0,417973.7992458015
46500.0,411883.72534424067
46550.0,405793.66128058115
46600.0,399607.0022510602
46650.0,393516.9381874013
46700.0,387426.8642858404
46750.0,381336.8002221809
46800.0,789729.0228822397
46850.0,783638.9588185801
46900.0,777452.2899511579
46950.0,772039.4079926397
47000.0,773393.5151542053
47050.0,774747.6125336722
47100.0,776101.7196952378
47150.0,777455.8170747048
47200.0,778713.3292704088
47250.0,780067.4266498752
47300.0,781421.5338114408
47350.0,782775.6311909078
47400.0,784129.7383524734
47450.0,785483.8357319403
47500.0,786741.3479276444
47550.0,788095.45508921
47600.0,788003.5333077012
47650.0,786829.5059972408
47700.0,785655.4786867803
47750.0,784481.4513763199
47800.0,783210.829099998
47850.0,782036.801789537
47900.0,780862.7744790765
47950.0,779688.747168616
48000.0,778514.7198581556
48050.0,777340.6925476951
48100.0,776070.0702713733
48150.0,774896.0429609122
48200.0,773656.3386404684
48250.0,771242.7278446348
48300.0,768829.1170488006
48350.0,766415.5062529669
48400.0,763905.3004912719
48450.0,761491.6896954383
48500.0,759078.078899604
48550.0,756664.4779416717
48600.0,754250.8671458381
48650.0,751837.2563500045
48700.0,749327.0505883088
48750.0,746913.4397924752
48800.0,744499.8289966416
48850.0,742377.9906806037
48900.0,740510.3637368064
48950.0,738642.7269551085
49000.0,736678.5050454504
49050.0,734810.8781016538
49100.0,732943.2511578565
49150.0,731075.6143761586
49200.0,729207.9874323619
49250.0,727340.3604885647
49300.0,725376.1385789067
49350.0,723508.5017972087
49400.0,721640.874853412
49450.0,719747.0889297856
49500.0,716203.2213176193
49550.0,712659.353705453
49600.0,709018.8812895239
49650.0,705475.0136773571
49700.0,701931.1460651908
49750.0,698387.2784530245
49800.0,694843.4010029568
49850.0,691299.5333907905
49900.0,687659.0708127627
49950.0,684115.2032005964
50000.0,680571.3355884296
50050.0,677027.4581383619
50100.0,675247.9000879208
50150.0,675246.2279480726
50200.0,675147.9608423624
50250.0,675146.2789204156
50300.0,675144.6067805673
50350.0,675142.9346407191
50400.0,675141.2527187723
50450.0,675139.580578924
50500.0,675041.3134732144
50550.0,675039.6413333662
50600.0,675037.9594114193
50650.0,675036.2872715711
50700.0,675034.6151317229
50750.0,681132.0716853053
50800.0,687269.9706922789
50850.0,693504.4646651134
50874.13,696392.7257057732
50999.26,712272.4304718184
51000.0,712207.9563657164
51050.0,718442.4503385508
51100.0,724580.3493455244
51150.0,730814.8433183595
51200.0,737049.3470732925
51250.0,743283.8410461275
51300.0,749518.3350189619
51350.0,748488.818651082
51400.0,738763.4763249767
51450.0,729134.7388026341
51500.0,719505.9914423901
51550.0,709877.2440821462
51600.0,700248.4967219023
51650.0,690619.7493616584
51700.0,680894.407035553
51750.0,671265.6695132104
51800.0,661636.9221529665
51850.0,652008.1747927226
51900.0,642379.427432478
51950.0,632750.6800722341
52000.0,622967.3531552628
52050.0,613276.951666929
52100.0,603586.5501785956
52150.0,593896.1388523603
52200.0,584205.737364027
52250.0,574515.3358756931
52300.0,564728.329583597
52350.0,555037.9280952637
52400.0,545347.5266069298
52450.0,535657.1251185965
52500.0,525966.7137923612
52550.0,516179.71733816643
52600.0,508167.25847514503
52650.0,502456.2782662291
52700.0,496745.29805731314
52750.0,491034.3178483966
52800.0,485323.34747738205
52850.0,479515.7723026047
52900.0,473804.79209368874
52950.0,468093.8118847728
53000.0,462382.83167585626
53050.0,456671.8514669403
53100.0,450960.87125802436
53150.0,445153.296083247
53200.0,439442.31587433105
53250.0,433958.5223225031
53300.0,428499.16611775936
53350.0,423039.80991301563
53400.0,417580.4537082719
53450.0,412024.50253766676
53500.0,406565.1364950211
53550.0,401105.7802902774
53600.0,395646.42408553365
53650.0,390187.0678807899
53700.0,384727.7116760462
53750.0,379171.76050544105
53800.0,790359.7307411543
53850.0,785931.5144961132
53900.0,783156.9019083135
53950.0,780382.2893205144
54000.0,777511.0719289525
54050.0,774736.4593411534
54100.0,771961.8467533543
54150.0,769187.2341655552
54200.0,766412.6215777561
54250.0,763637.9991520556
54300.0,760766.7915983945
54350.0,757992.1790105954
54400.0,755217.5664227963
54450.0,752442.9538349973
54500.0,755979.2515516886
54550.0,760497.02634906
54600.0,764918.2159626685
54650.0,769436.0005421379
54700.0,773953.7851216078
54750.0,778471.5599189792
54800.0,782989.3444984491
54850.0,787507.1290779185
54900.0,791928.318691527
54950.0,796446.0934888984
55000.0,800963.8780683677
55050.0,805481.6626478377
55100.0,806874.3406241729
55150.0,802356.3338530307
55200.0,797741.7321160269
55250.0,793223.7253448847
55300.0,788705.7185737424
55350.0,784187.7118025996
55400.0,779669.7148693587
55450.0,775055.1131323549
55500.0,770537.1063612127
55550.0,766019.0995900704
55600.0,761501.0928189282
55650.0,756983.0860477854
55700.0,752465.0792766431
55750.0,750925.7916623413
55800.0,750119.7766832168
55850.0,749313.7714861908
55900.0,748507.7662891649
55950.0,747701.7513100404
56000.0,746895.7461130138
56050.0,745993.1459501263
56100.0,745187.1407531004
56150.0,744381.1257739759
56200.0,743575.1205769499
56250.0,742769.115379924
56300.0,741963.1004007988
56350.0,740417.024010071
56400.0,737520.5788513025
56450.0,734624.1336925346
56500.0,731727.6885337668
56550.0,728831.2433749989
56600.0,725934.798216231
56650.0,722941.7580916017
56700.0,720045.3129328332
56750.0,717148.8677740654
56800.0,714252.4226152975
56850.0,711355.9774565296
56900.0,708362.9373319002
56950.0,705466.4921731324
57000.0,702009.9752875188
57050.0,698404.6896568962
57100.0,694799.3941883728
57150.0,691194.1085577501
57200.0,687492.2279612666
57250.0,683886.9423306446
57300.0,680281.6468621206
57350.0,676676.3612314985
57400.0,673071.0756008759
57450.0,669465.7899702538
57500.0,665763.8995358684
57550.0,662158.6139052464
57600.0,658406.1237559381
57650.0,654258.3368903751
57700.0,650013.9452210494
57750.0,645866.1583554869
57800.0,641718.3616520226
57850.0,637570.5747864596
57900.0,633422.7780829952
57950.0,629274.9912174328
58000.0,625030.6093860083
58050.0,620882.812682544
58100.0,616735.025816981
58150.0,612587.2291135172
58200.0,608439.4422479542
58250.0,601245.9920647026
58300.0,593179.4247439675
58350.0,585112.8672611337
58400.0,577046.2999403981
58450.0,568979.732619663
58500.0,560913.1652989279
58550.0,552750.0030123314
58600.0,544683.4455294977
58650.0,536616.8782087626
58700.0,528550.3108880275
58750.0,520483.7435672919
58800.0,512417.18608445814
58850.0,506192.67081034085
58900.0,506409.2666364982
58950.0,506625.852680557
59000.0,506842.4387246158
59050.0,507059.03455077315
59100.0,507275.62059483194
59150.0,507395.6214551279
59200.0,507612.2074991867
59250.0,507828.79354324547
59300.0,508045.38936940284
59350.0,508261.9754134616
59400.0,508381.966491659
59450.0,508598.56231781637
59500.0,510619.5053586731
59550.0,513359.79458409327
59600.0,516100.07402741484
59650.0,518840.363252835
59700.0,521484.04773029516
59750.0,524224.3369557153
59800.0,526964.616399037
59850.0,529704.905624457
59900.0,532445.1850677787
59950.0,535185.4742931988
60000.0,537829.1587706589
60050.0,540569.447996079
60100.0,544623.1209075911
60150.0,554058.32732362
60200.0,563493.5337396495
60250.0,572928.749937777
60300.0,582267.361387945
60350.0,591702.5678039739
60400.0,601137.7742200034
60450.0,610572.9904181309
60500.0,620008.1968341604
60550.0,629346.8082843279
60600.0,638782.0147003573
60650.0,648217.2308984848
60700.0,657652.4373145143
60750.0,655217.094594482
60800.0,647098.3470447082
60850.0,638883.0045290724
60900.0,630764.2471413967
60950.0,622645.4995916225
61000.0,614526.7520418487
61050.0,606407.994654173
61100.0,598289.2471043988
61150.0,590073.904588763
61200.0,581955.1570389892
61250.0,573836.3996513135
61300.0,565717.6521015393
61350.0,557841.2809286193
61400.0,551250.8021722195
61450.0,544563.7284499581
61500.0,537973.2398556569
61550.0,531382.761099257
61600.0,524792.2823428572
61650.0,518201.80358645733
61700.0,511514.72986419604
61750.0,504924.24126989476
61800.0,498333.7625134949
61850.0,491743.283757095
61900.0,485152.8050006951
61950.0,478562.3262442952
62000.0,473124.86275818205
62050.0,468487.5025672243
62100.0,463850.1325383652
62150.0,459212.7723474075
62200.0,454575.40231854835
62250.0,449938.0421275906
62300.0,445204.0771328701
62350.0,440566.71694191237
62400.0,435929.34691305325
62450.0,431291.9867220955
62500.0,426654.6166932364
62500.0,421510.13293150614
